<?xml version='1.0' encoding='UTF-8'?>
<widget xmlns="http://www.w3.org/ns/widgets" xmlns:intelxdk="http://xdk.intel.com/ns/v1" id="xdk.sample.geolocationdemo" version="0.0.1">
<!--This file is generated by the Intel XDK. Do not edit this file as your edits will be lost.           -->
<!--To change the contents of this file, see the documentation on the intelxdk.config.additions.xml file.-->
<intelxdk:version value="1.1"/>
<intelxdk:cordova-cli version="6.2.0"/>
<name>geotest</name>
<description>This demonstration gets the user's location using the device's geolocation services and then plots their position every few seconds on a Google Map object.  It takes advantage of Cordova plugins to access the native features of the device.</description>
<author>Intel XDK</author>
<content src="index.html"/>
<access origin="*"/>
<allow-intent href="geo:*"/>
<intelxdk:plugin intelxdk:name="StatusBar" intelxdk:value="cordova-plugin-statusbar" intelxdk:version="2.1.3" intelxdk:checksum="c0146fbc" intelxdk:type="file"/>
<intelxdk:plugin intelxdk:name="Device" intelxdk:value="cordova-plugin-device" intelxdk:version="1.1.2" intelxdk:checksum="2373ccea" intelxdk:type="file"/>
<intelxdk:plugin intelxdk:name="Splashscreen" intelxdk:value="cordova-plugin-splashscreen" intelxdk:version="3.2.2" intelxdk:checksum="47137083" intelxdk:type="file"/>
<intelxdk:plugin intelxdk:name="Geolocation" intelxdk:value="cordova-plugin-geolocation" intelxdk:version="2.2.0" intelxdk:checksum="ec466374" intelxdk:type="file"/>
<intelxdk:plugin intelxdk:name="Compat" intelxdk:value="cordova-plugin-compat" intelxdk:version="1.0.0" intelxdk:checksum="61c62eb" intelxdk:type="file"/>
<preference name="ios-configuration" value="adhoc"/>
<preference name="deployment-target" value="6"/>
<!--creationInfo:{"src":"jsapp/sample-html5-geolocation-map/sample.zip","projectTypeName":"com.intel.xdk.projecttype.jsapp"}-->
<preference name="debuggable" value="false"/>
<platform name="ios">
    <!-- below requires the splash screen plugin -->
    <!-- docs: https://github.com/apache/cordova-plugin-splashscreen -->
    <preference name="AutoHideSplashScreen" value="true"/>
    <preference name="FadeSplashScreen" value="false"/>
    <preference name="FadeSplashScreenDuration" value="2"/>
    <preference name="ShowSplashScreenSpinner" value="false"/>

    <!-- below requires the status bar plugin -->
    <!-- docs: https://github.com/apache/cordova-plugin-statusbar -->
    <!-- see http://devgirl.org/2014/07/31/phonegap-developers-guid -->
    <preference name="StatusBarOverlaysWebView" value="false"/>
    <preference name="StatusBarBackgroundColor" value="#000000"/>
    <preference name="StatusBarStyle" value="lightcontent"/>
</platform>
<platform name="android">
    <!-- below requires the splash screen plugin -->
    <!-- docs: https://github.com/apache/cordova-plugin-splashscreen -->
    <preference name="SplashMaintainAspectRatio" value="false"/>
</platform>
<intelxdk:crosswalk xmlns:intelxdk="http://xdk.intel.com/ns/v1" xwalk-command-line="--disable-pull-to-refresh-effect"/>
<intelxdk:crosswalk xmlns:intelxdk="http://xdk.intel.com/ns/v1" xwalk-command-line="--ignore-gpu-blacklist"/></widget>